method,n,cold_avg_ms,warm_avg_ms
did:sifr,1000,0.176724,0.002686
did:sifr,5000,0.094117,0.003039
did:web,200,389.842119,0.00373
did:web,500,213.135983,0.002435
