n,avg_sign_ms,avg_verify_ms,sign_total_s,verify_total_s,sign_msg_per_s,verify_msg_per_s
100,0.03075099997658981,0.05889999996725237,0.003075099997658981,0.005889999996725237,32519.2676908485,16977.928702138997
1000,0.030694000000949018,0.06350240000028862,0.030694000000949018,0.06350240000028862,32579.657260998283,15747.43631729596
10000,0.03144425000027695,0.061528940000061996,0.3144425000027695,0.6152894000006199,31802.316798498687,16252.514670315992
