case,mean_ms,stddev_ms,p50_ms,p95_ms,p99_ms
plain_local_dict,0.00016880010298336856,0.00011430917599625321,0.000100000761449337,0.00039999940781854093,0.0005000001692678779
sifr_create_only,0.007791799958795309,0.008538339058193713,0.005899997631786391,0.01809999957913533,0.03239999932702631
sifr_sign_verify,0.09833470004741685,0.03372586336242876,0.09059999865712598,0.1235999989148695,0.27100000079371966
sifr_sign_verify_dag,0.1104023000007146,0.03870522862796434,0.10090000068885274,0.1526000014564488,0.31010000020614825
http_json_baseline_serialization,0.007583200043882243,0.004760037593613841,0.006400001439033076,0.013599998055724427,0.027899997803615406
