method,n,cold_avg_ms,warm_avg_ms
did:sifr,1000,0.079359,0.001717
did:sifr,5000,0.073395,0.001709
did:web,3,220.4958,0.0048
did:web,5,179.64318,0.00292
